id,token,client_id,coach_name,client_first_name,client_last_name,client_gender,generated_at,assessments_count,first_assessment_date,latest_assessment_date,objective,program_title,next_follow_up,metrics_history,recommendations,insights,created_at,expires_at,distributor_id
7f812e97-c437-4df8-9482-e70996e77b41,2af832c1-3e3a-4fa2-a33a-53e2e305618b,2a3c1622-66f8-4118-8b62-751a5ff913dd,Thomas,Fred,Chaumont,male,2026-04-16T08:40:26.031Z,4,2026-03-06,2026-04-15,weight-loss,Programme Premium,2026-04-16T08:00:00+00:00,"[{""bmr"":0,""date"":""2026-03-06"",""weight"":116,""bodyFat"":0,""boneMass"":0,""hydration"":0,""muscleMass"":0,""visceralFat"":0,""metabolicAge"":0},{""bmr"":0,""date"":""2026-03-19"",""weight"":117.8,""bodyFat"":39.8,""boneMass"":3.5,""hydration"":44.4,""muscleMass"":67.4,""visceralFat"":23,""metabolicAge"":78},{""bmr"":0,""date"":""2026-04-02"",""weight"":116.4,""bodyFat"":39.8,""boneMass"":3.4,""hydration"":44,""muscleMass"":65.4,""visceralFat"":22,""metabolicAge"":76},{""bmr"":0,""date"":""2026-04-15"",""weight"":116.1,""bodyFat"":39.2,""boneMass"":3.4,""hydration"":43.6,""muscleMass"":64.8,""visceralFat"":22,""metabolicAge"":76}]","[{""ref"":""4466"",""name"":""Formula 1"",""reason"":""Shake repas complet — apport protéiné ciblé 139-209g/jour. Remplace un repas pour un contrôle calorique efficace.""},{""ref"":""488K"",""name"":""Créatine+"",""reason"":""Objectif masse musculaire (64.8 kg actuel) — maintien et renforcement""},{""ref"":""0006"",""name"":""Aloe Vera Concentré"",""reason"":""Hydratation à 44% (objectif ≥ 50%). Boire 3.8L d'eau/jour + aloe vera.""},{""ref"":""236K"",""name"":""Phyto Complete"",""reason"":""Graisse viscérale à 22/30 (seuil sain < 9). Extraits de plantes pour réduire la graisse interne.""},{""ref"":""0267"",""name"":""Beta Heart"",""reason"":""Masse grasse à 39.2% (cible < 22%). Bêta-glucanes pour cholestérol et graisse.""},{""ref"":""0020"",""name"":""Xtra-Cal"",""reason"":""Masse osseuse faible (2.9% du poids, objectif ≥ 4%). Calcium et vitamine D.""}]","[{""icon"":""🎯"",""type"":""goal"",""title"":""Progression globale"",""message"":""4 bilans réalisés sur 40 jours de suivi. Chaque bilan est une étape de plus vers ton objectif.""},{""icon"":""⚠️"",""type"":""warning"",""title"":""Masse grasse à surveiller"",""message"":""Ta masse grasse est encore au-dessus des valeurs idéales (39.2%). Le programme nutritionnel et les compléments vont accélérer la normalisation.""},{""icon"":""💪"",""type"":""positive"",""title"":""Masse musculaire en hausse"",""message"":""+64.8 kg de masse musculaire — ton corps se renforce. C'est un excellent signe de recomposition corporelle.""},{""icon"":""💧"",""type"":""warning"",""title"":""Hydratation insuffisante"",""message"":""Ton taux d'hydratation est de 43.6%, en dessous du seuil idéal. Une bonne hydratation accélère l'élimination des graisses et améliore l'énergie.""},{""icon"":""🫀"",""type"":""warning"",""title"":""Graisse viscérale élevée"",""message"":""Ton score de graisse viscérale est de 22 — au-dessus du seuil recommandé. Le Phyto Complete et une alimentation ciblée aident à la réduire.""},{""icon"":""🧬"",""type"":""warning"",""title"":""Âge métabolique à améliorer"",""message"":""Ton âge métabolique est de 76 ans pour 63 ans réels. Le programme vise à rapprocher ces deux valeurs.""},{""icon"":""🥤"",""type"":""neutral"",""title"":""Tes repères du jour"",""message"":""Objectif hydratation : 3.8L d'eau par jour. Protéines : 139-209g/jour pour maintenir ta masse musculaire (64.8 kg).""}]",2026-04-16T08:40:26.906075+00:00,2026-07-15T08:40:26.906075+00:00,656dcf35-4859-4a70-9d20-990104813423
eecf378e-011d-4e1e-959d-2d4403a0cb5e,a51efffd-2863-4ddc-9531-14fdcb03fe41,6d06fd6b-f452-4296-b565-8f935d4ba346,Thomas,Sylvie,Chaumont,female,2026-04-16T08:44:03.427Z,4,2026-03-06,2026-04-16,weight-loss,Programme Premium,2026-04-16T08:00:00+00:00,"[{""bmr"":1333,""date"":""2026-03-06"",""weight"":78.5,""bodyFat"":45.4,""boneMass"":2.2,""hydration"":38.2,""muscleMass"":40.7,""visceralFat"":12.5,""metabolicAge"":76},{""bmr"":0,""date"":""2026-03-19"",""weight"":77.7,""bodyFat"":44.9,""boneMass"":2.2,""hydration"":38.5,""muscleMass"":40.7,""visceralFat"":12,""metabolicAge"":76},{""bmr"":0,""date"":""2026-04-02"",""weight"":77.3,""bodyFat"":44.2,""boneMass"":2.2,""hydration"":38.8,""muscleMass"":40.7,""visceralFat"":12,""metabolicAge"":76},{""bmr"":0,""date"":""2026-04-16"",""weight"":77.9,""bodyFat"":43.1,""boneMass"":2.2,""hydration"":39.1,""muscleMass"":41.4,""visceralFat"":12,""metabolicAge"":76}]","[{""ref"":""4466"",""name"":""Formula 1"",""reason"":""Shake repas complet — apport protéiné ciblé 93-140g/jour. Remplace un repas pour un contrôle calorique efficace.""},{""ref"":""488K"",""name"":""Créatine+"",""reason"":""Tonus musculaire et énergie cellulaire — recommandé pour toutes les femmes actives""},{""ref"":""0020"",""name"":""Xtra-Cal"",""reason"":""Calcium + vitamine D — renforcement osseux (masse osseuse : 2.2 kg)""},{""ref"":""0006"",""name"":""Aloe Vera Concentré"",""reason"":""Hydratation à 39% (objectif ≥ 50%). Boire 2.6L d'eau/jour + aloe vera.""},{""ref"":""236K"",""name"":""Phyto Complete"",""reason"":""Graisse viscérale à 12/30 (seuil sain < 9). Extraits de plantes pour réduire la graisse interne.""},{""ref"":""0267"",""name"":""Beta Heart"",""reason"":""Masse grasse à 43.1% (cible < 30%). Bêta-glucanes pour cholestérol et graisse.""}]","[{""icon"":""🎯"",""type"":""goal"",""title"":""Progression globale"",""message"":""4 bilans réalisés sur 41 jours de suivi. Chaque bilan est une étape de plus vers ton objectif.""},{""icon"":""🔥"",""type"":""positive"",""title"":""Masse grasse en baisse"",""message"":""2.3 points de masse grasse en moins. Continue, les effets sur le corps vont s'accentuer.""},{""icon"":""💧"",""type"":""warning"",""title"":""Hydratation insuffisante"",""message"":""Ton taux d'hydratation est de 39.1%, en dessous du seuil idéal. Une bonne hydratation accélère l'élimination des graisses et améliore l'énergie.""},{""icon"":""🧬"",""type"":""warning"",""title"":""Âge métabolique à améliorer"",""message"":""Ton âge métabolique est de 76 ans pour 61 ans réels. Le programme vise à rapprocher ces deux valeurs.""},{""icon"":""🏁"",""type"":""goal"",""title"":""Objectif atteint à 3%"",""message"":""Il reste 22.9 kg pour atteindre 55 kg. Tu as déjà parcouru 3% du chemin.""},{""icon"":""🥤"",""type"":""neutral"",""title"":""Tes repères du jour"",""message"":""Objectif hydratation : 2.6L d'eau par jour. Protéines : 93-140g/jour pour maintenir ta masse musculaire (41.4 kg).""}]",2026-04-16T08:44:04.921653+00:00,2026-07-15T08:44:04.921653+00:00,656dcf35-4859-4a70-9d20-990104813423
984fa01d-4293-4fdd-8870-3f811e621797,8bc7eb2f-8a3b-433a-8cde-5964fbec4b6f,41692e3e-b053-4998-8279-d2abd47a733e,Mandy,Florian,Schiltz,male,2026-04-16T12:08:38.471Z,2,2026-03-26,2026-04-02,weight-loss,Programme Premium,2026-04-16T08:00:00+00:00,"[{""bmr"":0,""date"":""2026-03-26"",""weight"":86.9,""bodyFat"":24.8,""boneMass"":3.2,""hydration"":53.2,""muscleMass"":61.2,""visceralFat"":8,""metabolicAge"":44},{""bmr"":0,""date"":""2026-04-02"",""weight"":83.3,""bodyFat"":22,""boneMass"":3.2,""hydration"":55,""muscleMass"":61.7,""visceralFat"":8,""metabolicAge"":43}]","[{""ref"":""4466"",""name"":""Formula 1"",""reason"":""Shake repas complet — apport protéiné ciblé 100-150g/jour. Remplace un repas pour un contrôle calorique efficace.""},{""ref"":""488K"",""name"":""Créatine+"",""reason"":""Objectif masse musculaire (61.7 kg actuel) — maintien et renforcement""},{""ref"":""0267"",""name"":""Beta Heart"",""reason"":""Masse grasse à 22.0% (cible < 22%). Bêta-glucanes pour cholestérol et graisse.""},{""ref"":""0020"",""name"":""Xtra-Cal"",""reason"":""Masse osseuse faible (3.8% du poids, objectif ≥ 4%). Calcium et vitamine D.""},{""ref"":""178K"",""name"":""Thé Concentré"",""reason"":""Booster thermogénique — complément à la perte de poids. Boire 2.7L d'eau/jour minimum.""}]","[{""icon"":""🎯"",""type"":""goal"",""title"":""Progression globale"",""message"":""2 bilans réalisés sur 7 jours de suivi. Chaque bilan est une étape de plus vers ton objectif.""},{""icon"":""⚖️"",""type"":""positive"",""title"":""Poids en baisse"",""message"":""3.6 kg de perdu depuis le premier bilan. Le chemin est tracé, garde le cap.""},{""icon"":""🔥"",""type"":""positive"",""title"":""Masse grasse en baisse"",""message"":""2.8 points de masse grasse en moins. Continue, les effets sur le corps vont s'accentuer.""},{""icon"":""🧬"",""type"":""warning"",""title"":""Âge métabolique à améliorer"",""message"":""Ton âge métabolique est de 43 ans pour 29 ans réels. Le programme vise à rapprocher ces deux valeurs.""},{""icon"":""🏁"",""type"":""goal"",""title"":""Objectif atteint à 30%"",""message"":""Il reste 8.3 kg pour atteindre 75 kg. Tu as déjà parcouru 30% du chemin.""},{""icon"":""🥤"",""type"":""neutral"",""title"":""Tes repères du jour"",""message"":""Objectif hydratation : 2.7L d'eau par jour. Protéines : 100-150g/jour pour maintenir ta masse musculaire (61.7 kg).""}]",2026-04-16T12:08:39.334469+00:00,2026-07-15T12:08:39.334469+00:00,f5285ea5-9521-4e0d-8e09-523e310c494f
8163d237-d240-48ba-8d9c-88a57fdc424a,793f97d2-5a9b-4a40-aa17-1a2c8595df9d,254e5a53-4238-4b9a-8534-aba8f1039910,Mélanie,Floriant,Schiltz,male,2026-04-16T15:32:42.150Z,3,2026-03-26,2026-04-16,weight-loss,Programme Premium,2026-04-02T11:15:00+00:00,"[{""bmr"":0,""date"":""2026-03-26"",""weight"":86.9,""bodyFat"":24.8,""boneMass"":3.2,""hydration"":53.2,""muscleMass"":61.2,""visceralFat"":8,""metabolicAge"":44},{""bmr"":0,""date"":""2026-04-16"",""weight"":81.9,""bodyFat"":19.3,""boneMass"":3.2,""hydration"":56.9,""muscleMass"":62.2,""visceralFat"":5.5,""metabolicAge"":30},{""bmr"":0,""date"":""2026-04-16"",""weight"":81.2,""bodyFat"":19.3,""boneMass"":3.3,""hydration"":56.9,""muscleMass"":62.2,""visceralFat"":5,""metabolicAge"":30}]","[{""ref"":""4466"",""name"":""Formula 1"",""reason"":""Shake repas complet — apport protéiné ciblé 97-146g/jour. Remplace un repas pour un contrôle calorique efficace.""},{""ref"":""488K"",""name"":""Créatine+"",""reason"":""Objectif masse musculaire (62.2 kg actuel) — maintien et renforcement""},{""ref"":""178K"",""name"":""Thé Concentré"",""reason"":""Booster thermogénique — complément à la perte de poids. Boire 2.7L d'eau/jour minimum.""}]","[{""icon"":""🎯"",""type"":""goal"",""title"":""Progression globale"",""message"":""3 bilans réalisés sur 21 jours de suivi. Chaque bilan est une étape de plus vers ton objectif.""},{""icon"":""⚖️"",""type"":""positive"",""title"":""Perte de poids significative"",""message"":""Tu as perdu 5.7 kg depuis le début — c'est un résultat concret et motivant. Continue sur cette lancée !""},{""icon"":""🔥"",""type"":""positive"",""title"":""Excellente réduction de masse grasse"",""message"":""Ta masse grasse a diminué de 5.5 points — c'est exactement ce qu'on cherche. Ton corps se recompose positivement.""},{""icon"":""💧"",""type"":""positive"",""title"":""Hydratation en progression"",""message"":""Ton hydratation a progressé de 3.7 points — excellent pour ta récupération et tes performances.""},{""icon"":""🫀"",""type"":""positive"",""title"":""Graisse viscérale en baisse"",""message"":""La graisse viscérale a diminué de 3 points — excellent pour ta santé cardiovasculaire et métabolique.""},{""icon"":""🧬"",""type"":""positive"",""title"":""Âge métabolique en baisse"",""message"":""Ton âge métabolique a rajeuni de 14 ans — c'est l'un des meilleurs indicateurs de progression !""},{""icon"":""🏁"",""type"":""goal"",""title"":""Objectif atteint à 48%"",""message"":""Il reste 6.2 kg pour atteindre 75 kg. Tu as déjà parcouru 48% du chemin.""}]",2026-04-16T15:32:42.507536+00:00,2026-07-15T15:32:42.507536+00:00,f5285ea5-9521-4e0d-8e09-523e310c494f
a874493a-fbfe-4bbc-b2da-a75503983abd,91983ecc-fae0-4900-aa4f-14c68ce8d5bc,8e54426e-fd1e-4784-8b8c-8e14047542cf,Mélanie,Jessie,Astolfi,female,2026-04-16T18:34:20.031Z,3,2026-03-10,2026-04-16,weight-loss,Programme Premium,2026-03-30T08:00:00+00:00,"[{""bmr"":0,""date"":""2026-03-10"",""weight"":69.6,""bodyFat"":36.9,""boneMass"":2.2,""hydration"":44.5,""muscleMass"":41.7,""visceralFat"":5.5,""metabolicAge"":50},{""bmr"":0,""date"":""2026-03-30"",""weight"":67.9,""bodyFat"":34.7,""boneMass"":23,""hydration"":45.9,""muscleMass"":42.1,""visceralFat"":5,""metabolicAge"":45},{""bmr"":0,""date"":""2026-04-16"",""weight"":68,""bodyFat"":34,""boneMass"":2.3,""hydration"":46.3,""muscleMass"":42.5,""visceralFat"":5,""metabolicAge"":44}]","[{""ref"":""4466"",""name"":""Formula 1"",""reason"":""Shake repas complet — apport protéiné ciblé 82-122g/jour. Remplace un repas pour un contrôle calorique efficace.""},{""ref"":""488K"",""name"":""Créatine+"",""reason"":""Tonus musculaire et énergie cellulaire — recommandé pour toutes les femmes actives""},{""ref"":""0020"",""name"":""Xtra-Cal"",""reason"":""Calcium + vitamine D — renforcement osseux (masse osseuse : 2.3 kg)""},{""ref"":""0006"",""name"":""Aloe Vera Concentré"",""reason"":""Hydratation à 46% (objectif ≥ 50%). Boire 2.2L d'eau/jour + aloe vera.""},{""ref"":""0267"",""name"":""Beta Heart"",""reason"":""Masse grasse à 34.0% (cible < 30%). Bêta-glucanes pour cholestérol et graisse.""},{""ref"":""178K"",""name"":""Thé Concentré"",""reason"":""Booster thermogénique — complément à la perte de poids. Boire 2.2L d'eau/jour minimum.""}]","[{""icon"":""🎯"",""type"":""goal"",""title"":""Progression globale"",""message"":""3 bilans réalisés sur 37 jours de suivi. Chaque bilan est une étape de plus vers ton objectif.""},{""icon"":""⚖️"",""type"":""positive"",""title"":""Poids en baisse"",""message"":""1.6 kg de perdu depuis le premier bilan. Le chemin est tracé, garde le cap.""},{""icon"":""🔥"",""type"":""positive"",""title"":""Masse grasse en baisse"",""message"":""2.9 points de masse grasse en moins. Continue, les effets sur le corps vont s'accentuer.""},{""icon"":""🧬"",""type"":""positive"",""title"":""Âge métabolique en baisse"",""message"":""Ton âge métabolique a rajeuni de 6 ans — c'est l'un des meilleurs indicateurs de progression !""},{""icon"":""🏁"",""type"":""goal"",""title"":""Objectif atteint à 16%"",""message"":""Il reste 8.4 kg pour atteindre 59.599999999999994 kg. Tu as déjà parcouru 16% du chemin.""},{""icon"":""🥤"",""type"":""neutral"",""title"":""Tes repères du jour"",""message"":""Objectif hydratation : 2.2L d'eau par jour. Protéines : 82-122g/jour pour maintenir ta masse musculaire (42.5 kg).""}]",2026-04-16T18:34:20.768128+00:00,2026-07-15T18:34:20.768128+00:00,6e552738-3fe5-4cdb-a4c8-15c5d7dca036
08810b91-2968-4c8f-bed5-4885842e1bc6,d90903fc-ed11-4c45-b838-9bf3f7524ec4,760ca664-63fe-4282-8143-bc4de330bb16,Mélanie,Fabien,Astolfi,male,2026-04-16T20:10:34.377Z,3,2026-03-10,2026-04-16,weight-loss,Programme Premium,2026-04-30T12:00:00+00:00,"[{""bmr"":0,""date"":""2026-03-10"",""weight"":97.3,""bodyFat"":34.7,""boneMass"":3.2,""hydration"":47.3,""muscleMass"":60.4,""visceralFat"":13,""metabolicAge"":51},{""bmr"":0,""date"":""2026-04-16"",""weight"":95.1,""bodyFat"":30.6,""boneMass"":3.3,""hydration"":48.8,""muscleMass"":62.7,""visceralFat"":11.5,""metabolicAge"":51},{""bmr"":0,""date"":""2026-04-16"",""weight"":93.6,""bodyFat"":30.7,""boneMass"":3.2,""hydration"":48.7,""muscleMass"":61.7,""visceralFat"":11,""metabolicAge"":51}]","[{""ref"":""4466"",""name"":""Formula 1"",""reason"":""Shake repas complet — apport protéiné ciblé 112-168g/jour. Remplace un repas pour un contrôle calorique efficace.""},{""ref"":""488K"",""name"":""Créatine+"",""reason"":""Objectif masse musculaire (61.7 kg actuel) — maintien et renforcement""},{""ref"":""0006"",""name"":""Aloe Vera Concentré"",""reason"":""Hydratation à 49% (objectif ≥ 50%). Boire 3.1L d'eau/jour + aloe vera.""},{""ref"":""236K"",""name"":""Phyto Complete"",""reason"":""Graisse viscérale à 11/30 (seuil sain < 9). Extraits de plantes pour réduire la graisse interne.""},{""ref"":""0267"",""name"":""Beta Heart"",""reason"":""Masse grasse à 30.7% (cible < 22%). Bêta-glucanes pour cholestérol et graisse.""},{""ref"":""0020"",""name"":""Xtra-Cal"",""reason"":""Masse osseuse faible (3.4% du poids, objectif ≥ 4%). Calcium et vitamine D.""}]","[{""icon"":""🎯"",""type"":""goal"",""title"":""Progression globale"",""message"":""3 bilans réalisés sur 37 jours de suivi. Chaque bilan est une étape de plus vers ton objectif.""},{""icon"":""⚖️"",""type"":""positive"",""title"":""Poids en baisse"",""message"":""3.7 kg de perdu depuis le premier bilan. Le chemin est tracé, garde le cap.""},{""icon"":""🔥"",""type"":""positive"",""title"":""Excellente réduction de masse grasse"",""message"":""Ta masse grasse a diminué de 4.0 points — c'est exactement ce qu'on cherche. Ton corps se recompose positivement.""},{""icon"":""💪"",""type"":""positive"",""title"":""Masse musculaire en hausse"",""message"":""+1.3 kg de masse musculaire — ton corps se renforce. C'est un excellent signe de recomposition corporelle.""},{""icon"":""🧬"",""type"":""warning"",""title"":""Âge métabolique à améliorer"",""message"":""Ton âge métabolique est de 51 ans pour 36 ans réels. Le programme vise à rapprocher ces deux valeurs.""},{""icon"":""🏁"",""type"":""goal"",""title"":""Objectif atteint à 51%"",""message"":""Il reste 3.6 kg pour atteindre 90 kg. Tu as déjà parcouru 51% du chemin.""},{""icon"":""🥤"",""type"":""neutral"",""title"":""Tes repères du jour"",""message"":""Objectif hydratation : 3.1L d'eau par jour. Protéines : 112-168g/jour pour maintenir ta masse musculaire (61.7 kg).""}]",2026-04-16T20:10:34.507505+00:00,2026-07-15T20:10:34.507505+00:00,6e552738-3fe5-4cdb-a4c8-15c5d7dca036
aaffcffe-589e-4d56-8300-2aebd7aad041,162416da-dddd-4b02-97f5-10286e39a75b,bf6c057f-4a48-41e2-9abe-b24ca42ada72,Mélanie,Julien,GABRIEL,male,2026-04-17T15:27:44.038Z,2,2026-03-19,2026-04-02,weight-loss,Programme a confirmer,2026-04-16T09:30:00+00:00,"[{""bmr"":0,""date"":""2026-03-19"",""weight"":86.9,""bodyFat"":28.3,""boneMass"":3.1,""hydration"":50.4,""muscleMass"":59.3,""visceralFat"":11.5,""metabolicAge"":58},{""bmr"":0,""date"":""2026-04-02"",""weight"":86.1,""bodyFat"":29,""boneMass"":3,""hydration"":50.1,""muscleMass"":67.36,""visceralFat"":11.5,""metabolicAge"":58}]","[{""ref"":""4466"",""name"":""Formula 1"",""reason"":""Shake repas complet — apport protéiné ciblé 103-155g/jour. Remplace un repas pour un contrôle calorique efficace.""},{""ref"":""488K"",""name"":""Créatine+"",""reason"":""Objectif masse musculaire (67.4 kg actuel) — maintien et renforcement""},{""ref"":""236K"",""name"":""Phyto Complete"",""reason"":""Graisse viscérale à 11.5/30 (seuil sain < 9). Extraits de plantes pour réduire la graisse interne.""},{""ref"":""0267"",""name"":""Beta Heart"",""reason"":""Masse grasse à 29.0% (cible < 22%). Bêta-glucanes pour cholestérol et graisse.""},{""ref"":""0020"",""name"":""Xtra-Cal"",""reason"":""Masse osseuse faible (3.5% du poids, objectif ≥ 4%). Calcium et vitamine D.""},{""ref"":""178K"",""name"":""Thé Concentré"",""reason"":""Booster thermogénique — complément à la perte de poids. Boire 2.8L d'eau/jour minimum.""}]","[{""icon"":""🎯"",""type"":""goal"",""title"":""Progression globale"",""message"":""2 bilans réalisés sur 14 jours de suivi. Chaque bilan est une étape de plus vers ton objectif.""},{""icon"":""⚠️"",""type"":""warning"",""title"":""Masse grasse à surveiller"",""message"":""Ta masse grasse est encore au-dessus des valeurs idéales (29.0%). Le programme nutritionnel et les compléments vont accélérer la normalisation.""},{""icon"":""💪"",""type"":""positive"",""title"":""Masse musculaire en hausse"",""message"":""+8.1 kg de masse musculaire — ton corps se renforce. C'est un excellent signe de recomposition corporelle.""},{""icon"":""🧬"",""type"":""warning"",""title"":""Âge métabolique à améliorer"",""message"":""Ton âge métabolique est de 58 ans pour 43 ans réels. Le programme vise à rapprocher ces deux valeurs.""},{""icon"":""🏁"",""type"":""goal"",""title"":""Objectif atteint à 8%"",""message"":""Il reste 9.2 kg pour atteindre 76.9 kg. Tu as déjà parcouru 8% du chemin.""},{""icon"":""🥤"",""type"":""neutral"",""title"":""Tes repères du jour"",""message"":""Objectif hydratation : 2.8L d'eau par jour. Protéines : 103-155g/jour pour maintenir ta masse musculaire (67.4 kg).""}]",2026-04-17T15:27:43.410614+00:00,2026-07-16T15:27:43.410614+00:00,6e552738-3fe5-4cdb-a4c8-15c5d7dca036
005af514-db93-4ce7-83a4-31474b38501e,c90c0a96-32ee-4ba0-beae-defdd1a855b6,fb5a3d6e-7580-431b-9523-72068e7fcc89,Thomas,Chole,Schreder,female,2026-04-17T16:14:49.828Z,4,2026-03-07,2026-04-17,weight-loss,Starter + Rebuild Strength,,"[{""bmr"":0,""date"":""2026-03-07"",""weight"":46.9,""bodyFat"":15.3,""boneMass"":2,""hydration"":58.5,""muscleMass"":37.7,""visceralFat"":1,""metabolicAge"":12},{""bmr"":0,""date"":""2026-03-20"",""weight"":46.7,""bodyFat"":10,""boneMass"":2.1,""hydration"":62.3,""muscleMass"":39.9,""visceralFat"":1,""metabolicAge"":12},{""bmr"":0,""date"":""2026-04-02"",""weight"":47.6,""bodyFat"":11.2,""boneMass"":2.2,""hydration"":61.5,""muscleMass"":40.2,""visceralFat"":1,""metabolicAge"":12},{""bmr"":0,""date"":""2026-04-17"",""weight"":47.6,""bodyFat"":15.5,""boneMass"":2.1,""hydration"":58.5,""muscleMass"":38.1,""visceralFat"":1,""metabolicAge"":12}]","[{""ref"":""4466"",""name"":""Formula 1"",""reason"":""Shake repas complet — apport protéiné ciblé 57-86g/jour. Remplace un repas pour un contrôle calorique efficace.""},{""ref"":""488K"",""name"":""Créatine+"",""reason"":""Tonus musculaire et énergie cellulaire — recommandé pour toutes les femmes actives""},{""ref"":""0020"",""name"":""Xtra-Cal"",""reason"":""Calcium + vitamine D — renforcement osseux (masse osseuse : 2.1 kg)""},{""ref"":""178K"",""name"":""Thé Concentré"",""reason"":""Booster thermogénique — complément à la perte de poids. Boire 1.6L d'eau/jour minimum.""}]","[{""icon"":""🎯"",""type"":""goal"",""title"":""Progression globale"",""message"":""4 bilans réalisés sur 41 jours de suivi. Chaque bilan est une étape de plus vers ton objectif.""},{""icon"":""🥤"",""type"":""neutral"",""title"":""Tes repères du jour"",""message"":""Objectif hydratation : 1.6L d'eau par jour. Protéines : 57-86g/jour pour maintenir ta masse musculaire (38.1 kg).""}]",2026-04-17T16:14:52.643497+00:00,2026-07-16T16:14:52.643497+00:00,6e552738-3fe5-4cdb-a4c8-15c5d7dca036
63eb9e00-46c4-4873-b2c9-69deb7728e62,3aef4dcd-c9f3-461d-8315-21c4634e9f93,2bebf40a-1b29-4437-a9ba-3c1d83629f96,Thomas,Charlène,Larochelle,female,2026-04-19T15:49:36.058Z,10,2025-03-14,2025-12-31,weight-loss,Programme Premium,2026-01-28T09:00:00+00:00,"[{""bmr"":0,""date"":""2025-03-14"",""weight"":94.3,""bodyFat"":40.6,""boneMass"":2.8,""hydration"":42.5,""muscleMass"":53.2,""visceralFat"":9,""metabolicAge"":57},{""bmr"":0,""date"":""2025-03-28"",""weight"":94,""bodyFat"":39.5,""boneMass"":2.8,""hydration"":42.7,""muscleMass"":53.4,""visceralFat"":9,""metabolicAge"":57},{""bmr"":0,""date"":""2025-04-11"",""weight"":94.6,""bodyFat"":40,""boneMass"":2.8,""hydration"":42,""muscleMass"":52.3,""visceralFat"":9,""metabolicAge"":57},{""bmr"":0,""date"":""2025-04-28"",""weight"":92.1,""bodyFat"":38.8,""boneMass"":2.8,""hydration"":43.2,""muscleMass"":52.6,""visceralFat"":8.5,""metabolicAge"":56},{""bmr"":0,""date"":""2025-05-16"",""weight"":90.6,""bodyFat"":38.7,""boneMass"":2.8,""hydration"":43,""muscleMass"":51.9,""visceralFat"":8,""metabolicAge"":55},{""bmr"":0,""date"":""2025-06-03"",""weight"":89.9,""bodyFat"":35.2,""boneMass"":2.9,""hydration"":46.2,""muscleMass"":52.8,""visceralFat"":7.5,""metabolicAge"":51},{""bmr"":0,""date"":""2025-06-20"",""weight"":89.7,""bodyFat"":35.1,""boneMass"":2.9,""hydration"":46,""muscleMass"":54,""visceralFat"":7.5,""metabolicAge"":51},{""bmr"":0,""date"":""2025-07-04"",""weight"":88.9,""bodyFat"":34.8,""boneMass"":2.7,""hydration"":46.3,""muscleMass"":54,""visceralFat"":7.5,""metabolicAge"":50},{""bmr"":0,""date"":""2025-10-30"",""weight"":87.8,""bodyFat"":35,""boneMass"":2.8,""hydration"":45.8,""muscleMass"":53.4,""visceralFat"":7.5,""metabolicAge"":52},{""bmr"":0,""date"":""2025-12-31"",""weight"":85.4,""bodyFat"":34.4,""boneMass"":2.8,""hydration"":44.2,""muscleMass"":52.5,""visceralFat"":7.5,""metabolicAge"":52}]","[{""ref"":""4466"",""name"":""Formula 1"",""reason"":""Shake repas complet — apport protéiné ciblé 102-154g/jour. Remplace un repas pour un contrôle calorique efficace.""},{""ref"":""488K"",""name"":""Créatine+"",""reason"":""Tonus musculaire et énergie cellulaire — recommandé pour toutes les femmes actives""},{""ref"":""0020"",""name"":""Xtra-Cal"",""reason"":""Calcium + vitamine D — renforcement osseux (masse osseuse : 2.8 kg)""},{""ref"":""0006"",""name"":""Aloe Vera Concentré"",""reason"":""Hydratation à 44% (objectif ≥ 50%). Boire 2.8L d'eau/jour + aloe vera.""},{""ref"":""0267"",""name"":""Beta Heart"",""reason"":""Masse grasse à 34.4% (cible < 30%). Bêta-glucanes pour cholestérol et graisse.""},{""ref"":""178K"",""name"":""Thé Concentré"",""reason"":""Booster thermogénique — complément à la perte de poids. Boire 2.8L d'eau/jour minimum.""}]","[{""icon"":""🎯"",""type"":""goal"",""title"":""Progression globale"",""message"":""10 bilans réalisés sur 292 jours de suivi. Chaque bilan est une étape de plus vers ton objectif.""},{""icon"":""⚖️"",""type"":""positive"",""title"":""Perte de poids significative"",""message"":""Tu as perdu 8.9 kg depuis le début — c'est un résultat concret et motivant. Continue sur cette lancée !""},{""icon"":""🔥"",""type"":""positive"",""title"":""Excellente réduction de masse grasse"",""message"":""Ta masse grasse a diminué de 6.2 points — c'est exactement ce qu'on cherche. Ton corps se recompose positivement.""},{""icon"":""💧"",""type"":""warning"",""title"":""Hydratation insuffisante"",""message"":""Ton taux d'hydratation est de 44.2%, en dessous du seuil idéal. Une bonne hydratation accélère l'élimination des graisses et améliore l'énergie.""},{""icon"":""🧬"",""type"":""positive"",""title"":""Âge métabolique en baisse"",""message"":""Ton âge métabolique a rajeuni de 5 ans — c'est l'un des meilleurs indicateurs de progression !""},{""icon"":""🏁"",""type"":""goal"",""title"":""Objectif atteint à 59%"",""message"":""Il reste 6.1 kg pour atteindre 79.3 kg. Tu as déjà parcouru 59% du chemin.""},{""icon"":""🥤"",""type"":""neutral"",""title"":""Tes repères du jour"",""message"":""Objectif hydratation : 2.8L d'eau par jour. Protéines : 102-154g/jour pour maintenir ta masse musculaire (52.5 kg).""}]",2026-04-19T15:49:36.538945+00:00,2026-07-18T15:49:36.538945+00:00,aa28c3b6-b46b-4f67-823e-07097024249e
8603c8c9-b569-45c0-9181-708eec2d9880,f9669cbc-e29f-4c0a-b604-d0e2ec8789fa,04361985-439c-40a6-a584-5627b3e4b94b,Thomas,Jessie,Astolfi,female,2026-04-20T11:41:15.160Z,3,2026-03-10,2026-04-16,weight-loss,Programme Premium,2026-04-30T09:23:00+00:00,"[{""bmr"":0,""date"":""2026-03-10"",""weight"":69.6,""bodyFat"":36.9,""boneMass"":2.2,""hydration"":44.5,""muscleMass"":41.7,""visceralFat"":5.5,""metabolicAge"":50},{""bmr"":0,""date"":""2026-03-30"",""weight"":67.9,""bodyFat"":34.7,""boneMass"":2.3,""hydration"":45.9,""muscleMass"":42.1,""visceralFat"":5,""metabolicAge"":45},{""bmr"":0,""date"":""2026-04-16"",""weight"":68,""bodyFat"":23.19,""boneMass"":2.3,""hydration"":46.3,""muscleMass"":42.5,""visceralFat"":5,""metabolicAge"":44}]","[{""ref"":""4466"",""name"":""Formula 1"",""reason"":""Shake repas complet — apport protéiné ciblé 82-122g/jour. Remplace un repas pour un contrôle calorique efficace.""},{""ref"":""488K"",""name"":""Créatine+"",""reason"":""Tonus musculaire et énergie cellulaire — recommandé pour toutes les femmes actives""},{""ref"":""0020"",""name"":""Xtra-Cal"",""reason"":""Calcium + vitamine D — renforcement osseux (masse osseuse : 2.3 kg)""},{""ref"":""0006"",""name"":""Aloe Vera Concentré"",""reason"":""Hydratation à 46% (objectif ≥ 50%). Boire 2.2L d'eau/jour + aloe vera.""},{""ref"":""178K"",""name"":""Thé Concentré"",""reason"":""Booster thermogénique — complément à la perte de poids. Boire 2.2L d'eau/jour minimum.""}]","[{""icon"":""🎯"",""type"":""goal"",""title"":""Progression globale"",""message"":""3 bilans réalisés sur 37 jours de suivi. Chaque bilan est une étape de plus vers ton objectif.""},{""icon"":""⚖️"",""type"":""positive"",""title"":""Poids en baisse"",""message"":""1.6 kg de perdu depuis le premier bilan. Le chemin est tracé, garde le cap.""},{""icon"":""🔥"",""type"":""positive"",""title"":""Excellente réduction de masse grasse"",""message"":""Ta masse grasse a diminué de 13.7 points — c'est exactement ce qu'on cherche. Ton corps se recompose positivement.""},{""icon"":""🧬"",""type"":""positive"",""title"":""Âge métabolique en baisse"",""message"":""Ton âge métabolique a rajeuni de 6 ans — c'est l'un des meilleurs indicateurs de progression !""},{""icon"":""🏁"",""type"":""goal"",""title"":""Objectif atteint à 17%"",""message"":""Il reste 8.0 kg pour atteindre 60 kg. Tu as déjà parcouru 17% du chemin.""},{""icon"":""🥤"",""type"":""neutral"",""title"":""Tes repères du jour"",""message"":""Objectif hydratation : 2.2L d'eau par jour. Protéines : 82-122g/jour pour maintenir ta masse musculaire (42.5 kg).""}]",2026-04-20T11:41:16.690807+00:00,2026-07-19T11:41:16.690807+00:00,6e552738-3fe5-4cdb-a4c8-15c5d7dca036
c0b77d98-4711-4562-8532-620e3009e9a6,fc99cc05-7e10-46d4-a386-d1ef49b445d0,b4eed947-f90d-472f-a923-a30c21f2de50,Mélanie,Lauriane,Lorcin,female,2026-04-21T09:59:42.564Z,6,2025-12-30,2026-04-03,weight-loss,Programme Premium,2026-04-03T08:00:00+00:00,"[{""bmr"":0,""date"":""2025-12-30"",""weight"":76.9,""bodyFat"":41.5,""boneMass"":2.3,""hydration"":41.3,""muscleMass"":42.7,""visceralFat"":7,""metabolicAge"":56},{""bmr"":0,""date"":""2026-01-13"",""weight"":75.9,""bodyFat"":41.1,""boneMass"":2.3,""hydration"":41.5,""muscleMass"":42.4,""visceralFat"":6.5,""metabolicAge"":56},{""bmr"":0,""date"":""2026-01-28"",""weight"":76.8,""bodyFat"":41,""boneMass"":2.3,""hydration"":41.6,""muscleMass"":43,""visceralFat"":6.5,""metabolicAge"":56},{""bmr"":0,""date"":""2026-02-11"",""weight"":75.9,""bodyFat"":39.7,""boneMass"":2.3,""hydration"":42.6,""muscleMass"":43.5,""visceralFat"":6.5,""metabolicAge"":56},{""bmr"":0,""date"":""2026-03-10"",""weight"":75.3,""bodyFat"":39.9,""boneMass"":2.3,""hydration"":42.2,""muscleMass"":42.8,""visceralFat"":6.5,""metabolicAge"":56},{""bmr"":0,""date"":""2026-04-03"",""weight"":74.1,""bodyFat"":40.3,""boneMass"":2.3,""hydration"":42,""muscleMass"":42,""visceralFat"":6.5,""metabolicAge"":56}]","[{""ref"":""4466"",""name"":""Formula 1"",""reason"":""Shake repas complet — apport protéiné ciblé 89-133g/jour. Remplace un repas pour un contrôle calorique efficace.""},{""ref"":""488K"",""name"":""Créatine+"",""reason"":""Tonus musculaire et énergie cellulaire — recommandé pour toutes les femmes actives""},{""ref"":""0020"",""name"":""Xtra-Cal"",""reason"":""Calcium + vitamine D — renforcement osseux (masse osseuse : 2.3 kg)""},{""ref"":""0006"",""name"":""Aloe Vera Concentré"",""reason"":""Hydratation à 42% (objectif ≥ 50%). Boire 2.4L d'eau/jour + aloe vera.""},{""ref"":""0267"",""name"":""Beta Heart"",""reason"":""Masse grasse à 40.3% (cible < 30%). Bêta-glucanes pour cholestérol et graisse.""},{""ref"":""178K"",""name"":""Thé Concentré"",""reason"":""Booster thermogénique — complément à la perte de poids. Boire 2.4L d'eau/jour minimum.""}]","[{""icon"":""🎯"",""type"":""goal"",""title"":""Progression globale"",""message"":""6 bilans réalisés sur 94 jours de suivi. Chaque bilan est une étape de plus vers ton objectif.""},{""icon"":""⚖️"",""type"":""positive"",""title"":""Poids en baisse"",""message"":""2.8 kg de perdu depuis le premier bilan. Le chemin est tracé, garde le cap.""},{""icon"":""🔥"",""type"":""positive"",""title"":""Masse grasse en baisse"",""message"":""1.2 points de masse grasse en moins. Continue, les effets sur le corps vont s'accentuer.""},{""icon"":""💧"",""type"":""warning"",""title"":""Hydratation insuffisante"",""message"":""Ton taux d'hydratation est de 42.0%, en dessous du seuil idéal. Une bonne hydratation accélère l'élimination des graisses et améliore l'énergie.""},{""icon"":""🧬"",""type"":""warning"",""title"":""Âge métabolique à améliorer"",""message"":""Ton âge métabolique est de 56 ans pour 41 ans réels. Le programme vise à rapprocher ces deux valeurs.""},{""icon"":""🏁"",""type"":""goal"",""title"":""Objectif atteint à 28%"",""message"":""Il reste 7.2 kg pour atteindre 66.9 kg. Tu as déjà parcouru 28% du chemin.""},{""icon"":""🥤"",""type"":""neutral"",""title"":""Tes repères du jour"",""message"":""Objectif hydratation : 2.4L d'eau par jour. Protéines : 89-133g/jour pour maintenir ta masse musculaire (42.0 kg).""}]",2026-04-21T09:59:41.875011+00:00,2026-07-20T09:59:41.875011+00:00,6e552738-3fe5-4cdb-a4c8-15c5d7dca036
0a861b39-ca16-44e2-9e73-9879dee21dca,42f6d690-aea7-4e09-a681-0f79370f2d15,512c149f-ebb0-40f4-986f-298dcb83d4c4,Thomas,Martial,Duquenne,male,2026-04-21T10:16:27.910Z,3,2026-03-24,2026-04-21,weight-loss,Programme Premium,2026-04-21T10:00:00+00:00,"[{""bmr"":0,""date"":""2026-03-24"",""weight"":99.1,""bodyFat"":36.2,""boneMass"":3.2,""hydration"":45.6,""muscleMass"":60.1,""visceralFat"":18.5,""metabolicAge"":76},{""bmr"":0,""date"":""2026-04-07"",""weight"":95.2,""bodyFat"":35.2,""boneMass"":3.2,""hydration"":46.1,""muscleMass"":59.1,""visceralFat"":18.5,""metabolicAge"":74},{""bmr"":0,""date"":""2026-04-21"",""weight"":92.8,""bodyFat"":34.4,""boneMass"":3.2,""hydration"":46.1,""muscleMass"":57.8,""visceralFat"":17,""metabolicAge"":70}]","[{""ref"":""4466"",""name"":""Formula 1"",""reason"":""Shake repas complet — apport protéiné ciblé 111-167g/jour. Remplace un repas pour un contrôle calorique efficace.""},{""ref"":""488K"",""name"":""Créatine+"",""reason"":""Objectif masse musculaire (57.8 kg actuel) — maintien et renforcement""},{""ref"":""0006"",""name"":""Aloe Vera Concentré"",""reason"":""Hydratation à 46% (objectif ≥ 50%). Boire 3.1L d'eau/jour + aloe vera.""},{""ref"":""236K"",""name"":""Phyto Complete"",""reason"":""Graisse viscérale à 17/30 (seuil sain < 9). Extraits de plantes pour réduire la graisse interne.""},{""ref"":""0267"",""name"":""Beta Heart"",""reason"":""Masse grasse à 34.4% (cible < 22%). Bêta-glucanes pour cholestérol et graisse.""},{""ref"":""0020"",""name"":""Xtra-Cal"",""reason"":""Masse osseuse faible (3.4% du poids, objectif ≥ 4%). Calcium et vitamine D.""}]","[{""icon"":""🎯"",""type"":""goal"",""title"":""Progression globale"",""message"":""3 bilans réalisés sur 28 jours de suivi. Chaque bilan est une étape de plus vers ton objectif.""},{""icon"":""⚖️"",""type"":""positive"",""title"":""Perte de poids significative"",""message"":""Tu as perdu 6.3 kg depuis le début — c'est un résultat concret et motivant. Continue sur cette lancée !""},{""icon"":""🔥"",""type"":""positive"",""title"":""Masse grasse en baisse"",""message"":""1.8 points de masse grasse en moins. Continue, les effets sur le corps vont s'accentuer.""},{""icon"":""💪"",""type"":""warning"",""title"":""Masse musculaire à renforcer"",""message"":""La masse musculaire a légèrement diminué. Assurer un apport protéiné suffisant et maintenir l'activité physique est essentiel.""},{""icon"":""🫀"",""type"":""warning"",""title"":""Graisse viscérale élevée"",""message"":""Ton score de graisse viscérale est de 17 — au-dessus du seuil recommandé. Le Phyto Complete et une alimentation ciblée aident à la réduire.""},{""icon"":""🧬"",""type"":""positive"",""title"":""Âge métabolique en baisse"",""message"":""Ton âge métabolique a rajeuni de 6 ans — c'est l'un des meilleurs indicateurs de progression !""},{""icon"":""🏁"",""type"":""goal"",""title"":""Objectif atteint à 39%"",""message"":""Il reste 9.8 kg pour atteindre 83 kg. Tu as déjà parcouru 39% du chemin.""}]",2026-04-21T10:16:29.706803+00:00,2026-07-20T10:16:29.706803+00:00,656dcf35-4859-4a70-9d20-990104813423
dfafdddb-6cb8-48a3-bd5b-e6fc72af7e21,9bb48a2c-1695-4b08-925b-2c1d36d26abb,8329db4f-bcae-46d9-89c7-f7e01aaf8a52,Mandy,Laurine,Guillemin,female,2026-04-21T13:17:53.480Z,2,2026-02-28,2026-03-23,weight-loss,Programme Decouverte,2026-04-21T08:00:00+00:00,"[{""bmr"":0,""date"":""2026-02-28"",""weight"":79.2,""bodyFat"":42.2,""boneMass"":2.3,""hydration"":41.3,""muscleMass"":43.5,""visceralFat"":7,""metabolicAge"":38},{""bmr"":0,""date"":""2026-03-23"",""weight"":77.4,""bodyFat"":40.2,""boneMass"":2.4,""hydration"":42.7,""muscleMass"":43.9,""visceralFat"":6,""metabolicAge"":38}]","[{""ref"":""4466"",""name"":""Formula 1"",""reason"":""Shake repas complet — apport protéiné ciblé 93-139g/jour. Remplace un repas pour un contrôle calorique efficace.""},{""ref"":""488K"",""name"":""Créatine+"",""reason"":""Tonus musculaire et énergie cellulaire — recommandé pour toutes les femmes actives""},{""ref"":""0020"",""name"":""Xtra-Cal"",""reason"":""Calcium + vitamine D — renforcement osseux (masse osseuse : 2.4 kg)""},{""ref"":""0006"",""name"":""Aloe Vera Concentré"",""reason"":""Hydratation à 43% (objectif ≥ 50%). Boire 2.6L d'eau/jour + aloe vera.""},{""ref"":""0267"",""name"":""Beta Heart"",""reason"":""Masse grasse à 40.2% (cible < 30%). Bêta-glucanes pour cholestérol et graisse.""},{""ref"":""178K"",""name"":""Thé Concentré"",""reason"":""Booster thermogénique — complément à la perte de poids. Boire 2.6L d'eau/jour minimum.""}]","[{""icon"":""🎯"",""type"":""goal"",""title"":""Progression globale"",""message"":""2 bilans réalisés sur 23 jours de suivi. Chaque bilan est une étape de plus vers ton objectif.""},{""icon"":""⚖️"",""type"":""positive"",""title"":""Poids en baisse"",""message"":""1.8 kg de perdu depuis le premier bilan. Le chemin est tracé, garde le cap.""},{""icon"":""🔥"",""type"":""positive"",""title"":""Masse grasse en baisse"",""message"":""2.0 points de masse grasse en moins. Continue, les effets sur le corps vont s'accentuer.""},{""icon"":""💧"",""type"":""warning"",""title"":""Hydratation insuffisante"",""message"":""Ton taux d'hydratation est de 42.7%, en dessous du seuil idéal. Une bonne hydratation accélère l'élimination des graisses et améliore l'énergie.""},{""icon"":""🧬"",""type"":""warning"",""title"":""Âge métabolique à améliorer"",""message"":""Ton âge métabolique est de 38 ans pour 23 ans réels. Le programme vise à rapprocher ces deux valeurs.""},{""icon"":""🏁"",""type"":""goal"",""title"":""Objectif atteint à 8%"",""message"":""Il reste 20.4 kg pour atteindre 57 kg. Tu as déjà parcouru 8% du chemin.""},{""icon"":""🥤"",""type"":""neutral"",""title"":""Tes repères du jour"",""message"":""Objectif hydratation : 2.6L d'eau par jour. Protéines : 93-139g/jour pour maintenir ta masse musculaire (43.9 kg).""}]",2026-04-21T13:17:53.763953+00:00,2026-07-20T13:17:53.763953+00:00,f5285ea5-9521-4e0d-8e09-523e310c494f
5be96333-423d-448a-b9a7-9e8ed73e8205,1404134d-9587-4b74-882e-ed768844d1f3,ff059bc9-8e21-4369-a3fb-c406a560eb4f,Thomas,Christophe,APOU,male,2026-04-21T13:25:23.193Z,1,2026-02-26,2026-02-26,weight-loss,aucun,2026-03-12T09:00:00+00:00,"[{""bmr"":1950,""date"":""2026-02-26"",""weight"":89.7,""bodyFat"":27.9,""boneMass"":3.2,""hydration"":51.1,""muscleMass"":61.4,""visceralFat"":11,""metabolicAge"":54}]","[{""ref"":""4466"",""name"":""Formula 1"",""reason"":""Shake repas complet — apport protéiné ciblé 108-161g/jour. Remplace un repas pour un contrôle calorique efficace.""},{""ref"":""488K"",""name"":""Créatine+"",""reason"":""Objectif masse musculaire (61.4 kg actuel) — maintien et renforcement""},{""ref"":""236K"",""name"":""Phyto Complete"",""reason"":""Graisse viscérale à 11/30 (seuil sain < 9). Extraits de plantes pour réduire la graisse interne.""},{""ref"":""0267"",""name"":""Beta Heart"",""reason"":""Masse grasse à 27.9% (cible < 22%). Bêta-glucanes pour cholestérol et graisse.""},{""ref"":""0020"",""name"":""Xtra-Cal"",""reason"":""Masse osseuse faible (3.6% du poids, objectif ≥ 4%). Calcium et vitamine D.""},{""ref"":""178K"",""name"":""Thé Concentré"",""reason"":""Booster thermogénique — complément à la perte de poids. Boire 3.0L d'eau/jour minimum.""}]","[{""icon"":""🎯"",""type"":""goal"",""title"":""Progression globale"",""message"":""1 bilan réalisé sur 0 jours de suivi. Chaque bilan est une étape de plus vers ton objectif.""},{""icon"":""⚠️"",""type"":""warning"",""title"":""Masse grasse à surveiller"",""message"":""Ta masse grasse est encore au-dessus des valeurs idéales (27.9%). Le programme nutritionnel et les compléments vont accélérer la normalisation.""},{""icon"":""🧬"",""type"":""warning"",""title"":""Âge métabolique à améliorer"",""message"":""Ton âge métabolique est de 54 ans pour 39 ans réels. Le programme vise à rapprocher ces deux valeurs.""},{""icon"":""🥤"",""type"":""neutral"",""title"":""Tes repères du jour"",""message"":""Objectif hydratation : 3.0L d'eau par jour. Protéines : 108-161g/jour pour maintenir ta masse musculaire (61.4 kg).""}]",2026-04-21T13:25:24.196096+00:00,2026-07-20T13:25:24.196096+00:00,656dcf35-4859-4a70-9d20-990104813423
4cecb6ad-60c8-45b1-aeaa-43e614cc7eca,ba7c975f-06bf-456f-9407-f3f1a55aaf55,dbbe21d8-fff6-4053-85c2-246eaa7bfaf2,Thomas,Romu,Blandin,male,2026-04-21T13:52:07.744Z,1,2026-03-18,2026-03-18,weight-loss,Programme Premium,2026-04-01T09:00:00+00:00,"[{""bmr"":0,""date"":""2026-03-18"",""weight"":83.5,""bodyFat"":15.2,""boneMass"":3.5,""hydration"":55.4,""muscleMass"":67.3,""visceralFat"":6.5,""metabolicAge"":30}]","[{""ref"":""4466"",""name"":""Formula 1"",""reason"":""Shake repas complet — apport protéiné ciblé 100-150g/jour. Remplace un repas pour un contrôle calorique efficace.""},{""ref"":""488K"",""name"":""Créatine+"",""reason"":""Objectif masse musculaire (67.3 kg actuel) — maintien et renforcement""},{""ref"":""178K"",""name"":""Thé Concentré"",""reason"":""Booster thermogénique — complément à la perte de poids. Boire 2.8L d'eau/jour minimum.""}]","[{""icon"":""🎯"",""type"":""goal"",""title"":""Progression globale"",""message"":""1 bilan réalisé sur 0 jours de suivi. Chaque bilan est une étape de plus vers ton objectif.""},{""icon"":""🥤"",""type"":""neutral"",""title"":""Tes repères du jour"",""message"":""Objectif hydratation : 2.8L d'eau par jour. Protéines : 100-150g/jour pour maintenir ta masse musculaire (67.3 kg).""}]",2026-04-21T13:52:09.344668+00:00,2026-07-20T13:52:09.344668+00:00,656dcf35-4859-4a70-9d20-990104813423
184aec01-774d-4835-afd9-53e9c1137a6d,776fcdc7-cc3d-4726-beaf-330a288d018a,edd819e7-8a2e-4d45-b3dd-f6c23f5f8be5,Thomas,Angelique,Carlu,female,2026-04-21T18:31:03.229Z,8,2025-11-27,2026-04-21,weight-loss,Programme Premium,2026-04-21T08:00:00+00:00,"[{""bmr"":0,""date"":""2025-11-27"",""weight"":65,""bodyFat"":35,""boneMass"":2.2,""hydration"":45.2,""muscleMass"":40.1,""visceralFat"":6,""metabolicAge"":48},{""bmr"":0,""date"":""2025-12-19"",""weight"":64.7,""bodyFat"":34.2,""boneMass"":2.2,""hydration"":45.7,""muscleMass"":40.3,""visceralFat"":6,""metabolicAge"":46},{""bmr"":0,""date"":""2026-01-09"",""weight"":65.2,""bodyFat"":35,""boneMass"":2.2,""hydration"":45.5,""muscleMass"":40.1,""visceralFat"":6,""metabolicAge"":46},{""bmr"":0,""date"":""2026-01-30"",""weight"":64.8,""bodyFat"":33.7,""boneMass"":2.2,""hydration"":46,""muscleMass"":40.8,""visceralFat"":6,""metabolicAge"":45},{""bmr"":0,""date"":""2026-02-27"",""weight"":63.3,""bodyFat"":32.2,""boneMass"":2.1,""hydration"":45,""muscleMass"":39.3,""visceralFat"":6,""metabolicAge"":45},{""bmr"":0,""date"":""2026-03-20"",""weight"":64,""bodyFat"":31.1,""boneMass"":2.1,""hydration"":45.7,""muscleMass"":40,""visceralFat"":6,""metabolicAge"":45},{""bmr"":0,""date"":""2026-04-21"",""weight"":63.9,""bodyFat"":30.5,""boneMass"":2.1,""hydration"":44.9,""muscleMass"":39.8,""visceralFat"":6,""metabolicAge"":45},{""bmr"":0,""date"":""2026-04-21"",""weight"":63.9,""bodyFat"":30.5,""boneMass"":2.1,""hydration"":44.9,""muscleMass"":39.8,""visceralFat"":6,""metabolicAge"":45}]","[{""ref"":""4466"",""name"":""Formula 1"",""reason"":""Shake repas complet — apport protéiné ciblé 77-115g/jour. Remplace un repas pour un contrôle calorique efficace.""},{""ref"":""488K"",""name"":""Créatine+"",""reason"":""Tonus musculaire et énergie cellulaire — recommandé pour toutes les femmes actives""},{""ref"":""0020"",""name"":""Xtra-Cal"",""reason"":""Calcium + vitamine D — renforcement osseux (masse osseuse : 2.1 kg)""},{""ref"":""0006"",""name"":""Aloe Vera Concentré"",""reason"":""Hydratation à 45% (objectif ≥ 50%). Boire 2.1L d'eau/jour + aloe vera.""},{""ref"":""0267"",""name"":""Beta Heart"",""reason"":""Masse grasse à 30.5% (cible < 30%). Bêta-glucanes pour cholestérol et graisse.""},{""ref"":""178K"",""name"":""Thé Concentré"",""reason"":""Booster thermogénique — complément à la perte de poids. Boire 2.1L d'eau/jour minimum.""}]","[{""icon"":""🎯"",""type"":""goal"",""title"":""Progression globale"",""message"":""8 bilans réalisés sur 145 jours de suivi. Chaque bilan est une étape de plus vers ton objectif.""},{""icon"":""⚖️"",""type"":""positive"",""title"":""Poids en baisse"",""message"":""1.1 kg de perdu depuis le premier bilan. Le chemin est tracé, garde le cap.""},{""icon"":""🔥"",""type"":""positive"",""title"":""Excellente réduction de masse grasse"",""message"":""Ta masse grasse a diminué de 4.5 points — c'est exactement ce qu'on cherche. Ton corps se recompose positivement.""},{""icon"":""💧"",""type"":""warning"",""title"":""Hydratation insuffisante"",""message"":""Ton taux d'hydratation est de 44.9%, en dessous du seuil idéal. Une bonne hydratation accélère l'élimination des graisses et améliore l'énergie.""},{""icon"":""🏁"",""type"":""goal"",""title"":""Objectif atteint à 28%"",""message"":""Il reste 2.9 kg pour atteindre 61 kg. Tu as déjà parcouru 28% du chemin.""},{""icon"":""🥤"",""type"":""neutral"",""title"":""Tes repères du jour"",""message"":""Objectif hydratation : 2.1L d'eau par jour. Protéines : 77-115g/jour pour maintenir ta masse musculaire (39.8 kg).""}]",2026-04-21T18:31:03.525744+00:00,2026-07-20T18:31:03.525744+00:00,656dcf35-4859-4a70-9d20-990104813423
6c8b741f-68e7-41c3-88b8-f531e7eed6a1,fba2ae28-27da-4300-9245-8a88f178b26b,d49fa503-f9c2-48c5-8559-57200c10e0d9,Thomas,Nathalie,Habrant,female,2026-04-22T04:56:35.022Z,1,2026-04-14,2026-04-14,weight-loss,Programme Premium,2026-04-27T12:00:00+00:00,"[{""bmr"":0,""date"":""2026-04-14"",""weight"":68.7,""bodyFat"":35.6,""boneMass"":2.3,""hydration"":44.8,""muscleMass"":42,""visceralFat"":7.5,""metabolicAge"":52}]","[{""ref"":""4466"",""name"":""Formula 1"",""reason"":""Shake repas complet — apport protéiné ciblé 82-124g/jour. Remplace un repas pour un contrôle calorique efficace.""},{""ref"":""488K"",""name"":""Créatine+"",""reason"":""Tonus musculaire et énergie cellulaire — recommandé pour toutes les femmes actives""},{""ref"":""0020"",""name"":""Xtra-Cal"",""reason"":""Calcium + vitamine D — renforcement osseux (masse osseuse : 2.3 kg)""},{""ref"":""0006"",""name"":""Aloe Vera Concentré"",""reason"":""Hydratation à 45% (objectif ≥ 50%). Boire 2.3L d'eau/jour + aloe vera.""},{""ref"":""0267"",""name"":""Beta Heart"",""reason"":""Masse grasse à 35.6% (cible < 30%). Bêta-glucanes pour cholestérol et graisse.""},{""ref"":""178K"",""name"":""Thé Concentré"",""reason"":""Booster thermogénique — complément à la perte de poids. Boire 2.3L d'eau/jour minimum.""}]","[{""icon"":""🎯"",""type"":""goal"",""title"":""Progression globale"",""message"":""1 bilan réalisé sur 0 jours de suivi. Chaque bilan est une étape de plus vers ton objectif.""},{""icon"":""⚠️"",""type"":""warning"",""title"":""Masse grasse à surveiller"",""message"":""Ta masse grasse est encore au-dessus des valeurs idéales (35.6%). Le programme nutritionnel et les compléments vont accélérer la normalisation.""},{""icon"":""💧"",""type"":""warning"",""title"":""Hydratation insuffisante"",""message"":""Ton taux d'hydratation est de 44.8%, en dessous du seuil idéal. Une bonne hydratation accélère l'élimination des graisses et améliore l'énergie.""},{""icon"":""🥤"",""type"":""neutral"",""title"":""Tes repères du jour"",""message"":""Objectif hydratation : 2.3L d'eau par jour. Protéines : 82-124g/jour pour maintenir ta masse musculaire (42.0 kg).""}]",2026-04-22T04:56:35.403475+00:00,2026-07-21T04:56:35.403475+00:00,656dcf35-4859-4a70-9d20-990104813423
0e256ef8-0fc5-4704-9259-a4ffaf22bfd3,eafd512e-0375-40b3-81a8-9bb0ed51aaf4,97c88603-dc1f-4993-b020-a508fafebf81,Thomas,Thomas,Houbert,male,2026-04-23T05:05:55.084Z,13,2026-02-26,2026-04-20,weight-loss,Programme Premium,2026-04-17T08:00:00+00:00,"[{""bmr"":0,""date"":""2026-02-26"",""weight"":71.7,""bodyFat"":11,""boneMass"":3.1,""hydration"":60,""muscleMass"":60.7,""visceralFat"":4,""metabolicAge"":24},{""bmr"":0,""date"":""2026-03-12"",""weight"":71.7,""bodyFat"":10.5,""boneMass"":3.2,""hydration"":60.5,""muscleMass"":61,""visceralFat"":4,""metabolicAge"":24},{""bmr"":0,""date"":""2026-03-18"",""weight"":70.3,""bodyFat"":11.5,""boneMass"":2.8,""hydration"":59.4,""muscleMass"":59.1,""visceralFat"":4,""metabolicAge"":24},{""bmr"":0,""date"":""2026-03-23"",""weight"":70.8,""bodyFat"":9.7,""boneMass"":3.2,""hydration"":61,""muscleMass"":60.7,""visceralFat"":3.5,""metabolicAge"":24},{""bmr"":0,""date"":""2026-04-02"",""weight"":69.7,""bodyFat"":10.1,""boneMass"":3.2,""hydration"":60.5,""muscleMass"":59.5,""visceralFat"":4,""metabolicAge"":24},{""bmr"":0,""date"":""2026-04-07"",""weight"":70.5,""bodyFat"":10.6,""boneMass"":3.2,""hydration"":60.2,""muscleMass"":59.9,""visceralFat"":4,""metabolicAge"":24},{""bmr"":0,""date"":""2026-04-08"",""weight"":69.8,""bodyFat"":10.7,""boneMass"":3.2,""hydration"":6,""muscleMass"":59.2,""visceralFat"":4,""metabolicAge"":24},{""bmr"":0,""date"":""2026-04-08"",""weight"":69.8,""bodyFat"":10.9,""boneMass"":3.1,""hydration"":59.8,""muscleMass"":59.1,""visceralFat"":4,""metabolicAge"":24},{""bmr"":0,""date"":""2026-04-08"",""weight"":69.8,""bodyFat"":10.7,""boneMass"":3.2,""hydration"":6,""muscleMass"":59.2,""visceralFat"":4,""metabolicAge"":24},{""bmr"":0,""date"":""2026-04-13"",""weight"":70,""bodyFat"":10.4,""boneMass"":3.1,""hydration"":60.3,""muscleMass"":59.6,""visceralFat"":3.5,""metabolicAge"":24},{""bmr"":0,""date"":""2026-04-16"",""weight"":69.3,""bodyFat"":10.3,""boneMass"":3.1,""hydration"":60.3,""muscleMass"":59.1,""visceralFat"":3.5,""metabolicAge"":24},{""bmr"":0,""date"":""2026-04-16"",""weight"":69.3,""bodyFat"":10.3,""boneMass"":3.1,""hydration"":60.3,""muscleMass"":59.1,""visceralFat"":3.5,""metabolicAge"":24},{""bmr"":0,""date"":""2026-04-20"",""weight"":69.8,""bodyFat"":10.9,""boneMass"":3.1,""hydration"":59.9,""muscleMass"":59.1,""visceralFat"":3.5,""metabolicAge"":24}]","[{""ref"":""4466"",""name"":""Formula 1"",""reason"":""Shake repas complet — apport protéiné ciblé 84-126g/jour. Remplace un repas pour un contrôle calorique efficace.""},{""ref"":""488K"",""name"":""Créatine+"",""reason"":""Objectif masse musculaire (59.1 kg actuel) — maintien et renforcement""},{""ref"":""178K"",""name"":""Thé Concentré"",""reason"":""Booster thermogénique — complément à la perte de poids. Boire 2.3L d'eau/jour minimum.""}]","[{""icon"":""🎯"",""type"":""goal"",""title"":""Progression globale"",""message"":""13 bilans réalisés sur 53 jours de suivi. Chaque bilan est une étape de plus vers ton objectif.""},{""icon"":""⚖️"",""type"":""positive"",""title"":""Poids en baisse"",""message"":""1.9 kg de perdu depuis le premier bilan. Le chemin est tracé, garde le cap.""},{""icon"":""💪"",""type"":""warning"",""title"":""Masse musculaire à renforcer"",""message"":""La masse musculaire a légèrement diminué. Assurer un apport protéiné suffisant et maintenir l'activité physique est essentiel.""},{""icon"":""🏁"",""type"":""goal"",""title"":""Objectif atteint à 28%"",""message"":""Il reste 4.8 kg pour atteindre 65 kg. Tu as déjà parcouru 28% du chemin.""},{""icon"":""🥤"",""type"":""neutral"",""title"":""Tes repères du jour"",""message"":""Objectif hydratation : 2.3L d'eau par jour. Protéines : 84-126g/jour pour maintenir ta masse musculaire (59.1 kg).""}]",2026-04-23T05:05:56.0611+00:00,2026-07-22T05:05:56.0611+00:00,656dcf35-4859-4a70-9d20-990104813423
9ac5bfdd-eff8-46ea-be0b-086ffd1c6bf0,304b9c14-b442-45c5-a64a-df61f425f2e6,b4c3e73f-c397-4723-8830-e7f07a693517,Mélanie,Isabelle,TONDEUR,female,2026-04-22T08:35:39.167Z,22,2025-02-12,2026-04-22,weight-loss,Premium,2026-05-06T07:30:00+00:00,"[{""bmr"":0,""date"":""2025-02-12"",""weight"":84.4,""bodyFat"":44.2,""boneMass"":2.4,""hydration"":39.4,""muscleMass"":44.8,""visceralFat"":10.5,""metabolicAge"":72},{""bmr"":0,""date"":""2025-02-26"",""weight"":83.3,""bodyFat"":43.6,""boneMass"":2.4,""hydration"":39.7,""muscleMass"":44.6,""visceralFat"":10.5,""metabolicAge"":72},{""bmr"":0,""date"":""2025-03-12"",""weight"":80.6,""bodyFat"":42.4,""boneMass"":2.4,""hydration"":40.4,""muscleMass"":44.1,""visceralFat"":10,""metabolicAge"":72},{""bmr"":0,""date"":""2025-04-02"",""weight"":79.1,""bodyFat"":40.4,""boneMass"":2.4,""hydration"":41.9,""muscleMass"":44.8,""visceralFat"":9.5,""metabolicAge"":68},{""bmr"":0,""date"":""2025-04-16"",""weight"":78.6,""bodyFat"":41,""boneMass"":2.4,""hydration"":41.3,""muscleMass"":44,""visceralFat"":9.5,""metabolicAge"":70},{""bmr"":0,""date"":""2025-05-07"",""weight"":78,""bodyFat"":39.7,""boneMass"":2.4,""hydration"":42.3,""muscleMass"":44.7,""visceralFat"":9,""metabolicAge"":66},{""bmr"":0,""date"":""2025-05-28"",""weight"":77.7,""bodyFat"":39.9,""boneMass"":2.4,""hydration"":41.9,""muscleMass"":44.1,""visceralFat"":9,""metabolicAge"":67},{""bmr"":0,""date"":""2025-06-25"",""weight"":76.5,""bodyFat"":38.7,""boneMass"":2.4,""hydration"":43,""muscleMass"":44.5,""visceralFat"":9,""metabolicAge"":63},{""bmr"":0,""date"":""2025-07-11"",""weight"":76.3,""bodyFat"":37,""boneMass"":2.4,""hydration"":44.1,""muscleMass"":45.6,""visceralFat"":8.5,""metabolicAge"":58},{""bmr"":0,""date"":""2025-07-30"",""weight"":75.4,""bodyFat"":38,""boneMass"":2.4,""hydration"":43,""muscleMass"":44.1,""visceralFat"":8.5,""metabolicAge"":61},{""bmr"":0,""date"":""2025-08-21"",""weight"":73.4,""bodyFat"":39.9,""boneMass"":2.2,""hydration"":41.8,""muscleMass"":41.8,""visceralFat"":8.5,""metabolicAge"":65},{""bmr"":0,""date"":""2025-09-11"",""weight"":74.1,""bodyFat"":37.9,""boneMass"":2.3,""hydration"":43.4,""muscleMass"":43.7,""visceralFat"":8.5,""metabolicAge"":60},{""bmr"":0,""date"":""2025-10-01"",""weight"":75,""bodyFat"":40,""boneMass"":2.3,""hydration"":41.5,""muscleMass"":42.3,""visceralFat"":9,""metabolicAge"":67},{""bmr"":0,""date"":""2025-10-21"",""weight"":74.7,""bodyFat"":39.8,""boneMass"":2.3,""hydration"":42,""muscleMass"":42.7,""visceralFat"":9,""metabolicAge"":66},{""bmr"":0,""date"":""2025-11-12"",""weight"":74.7,""bodyFat"":40.5,""boneMass"":2.3,""hydration"":41.5,""muscleMass"":42.2,""visceralFat"":9,""metabolicAge"":67},{""bmr"":0,""date"":""2025-12-03"",""weight"":74.7,""bodyFat"":40.2,""boneMass"":2.3,""hydration"":41.7,""muscleMass"":42.4,""visceralFat"":9,""metabolicAge"":67},{""bmr"":0,""date"":""2025-12-17"",""weight"":75.3,""bodyFat"":40.1,""boneMass"":2.3,""hydration"":41.8,""muscleMass"":42.8,""visceralFat"":9,""metabolicAge"":67},{""bmr"":0,""date"":""2026-01-28"",""weight"":77.1,""bodyFat"":39.8,""boneMass"":2.4,""hydration"":42.2,""muscleMass"":44,""visceralFat"":9,""metabolicAge"":66},{""bmr"":0,""date"":""2026-02-18"",""weight"":76,""bodyFat"":41,""boneMass"":2.3,""hydration"":41,""muscleMass"":42.2,""visceralFat"":9.5,""metabolicAge"":71},{""bmr"":0,""date"":""2026-03-11"",""weight"":77.5,""bodyFat"":41,""boneMass"":2.3,""hydration"":41.3,""muscleMass"":43.4,""visceralFat"":9.5,""metabolicAge"":70},{""bmr"":0,""date"":""2026-04-01"",""weight"":76.9,""bodyFat"":41.6,""boneMass"":2.3,""hydration"":40.8,""muscleMass"":42.6,""visceralFat"":9.5,""metabolicAge"":71},{""bmr"":0,""date"":""2026-04-22"",""weight"":77.3,""bodyFat"":42.7,""boneMass"":2.3,""hydration"":40,""muscleMass"":42,""visceralFat"":9.5,""metabolicAge"":73}]","[{""ref"":""4466"",""name"":""Formula 1"",""reason"":""Shake repas complet — apport protéiné ciblé 93-139g/jour. Remplace un repas pour un contrôle calorique efficace.""},{""ref"":""488K"",""name"":""Créatine+"",""reason"":""Tonus musculaire et énergie cellulaire — recommandé pour toutes les femmes actives""},{""ref"":""0020"",""name"":""Xtra-Cal"",""reason"":""Calcium + vitamine D — renforcement osseux (masse osseuse : 2.3 kg)""},{""ref"":""0006"",""name"":""Aloe Vera Concentré"",""reason"":""Hydratation à 40% (objectif ≥ 50%). Boire 2.6L d'eau/jour + aloe vera.""},{""ref"":""236K"",""name"":""Phyto Complete"",""reason"":""Graisse viscérale à 9.5/30 (seuil sain < 9). Extraits de plantes pour réduire la graisse interne.""},{""ref"":""0267"",""name"":""Beta Heart"",""reason"":""Masse grasse à 42.7% (cible < 30%). Bêta-glucanes pour cholestérol et graisse.""}]","[{""icon"":""🎯"",""type"":""goal"",""title"":""Progression globale"",""message"":""22 bilans réalisés sur 434 jours de suivi. Chaque bilan est une étape de plus vers ton objectif.""},{""icon"":""⚖️"",""type"":""positive"",""title"":""Perte de poids significative"",""message"":""Tu as perdu 7.1 kg depuis le début — c'est un résultat concret et motivant. Continue sur cette lancée !""},{""icon"":""🔥"",""type"":""positive"",""title"":""Masse grasse en baisse"",""message"":""1.5 points de masse grasse en moins. Continue, les effets sur le corps vont s'accentuer.""},{""icon"":""💪"",""type"":""warning"",""title"":""Masse musculaire à renforcer"",""message"":""La masse musculaire a légèrement diminué. Assurer un apport protéiné suffisant et maintenir l'activité physique est essentiel.""},{""icon"":""💧"",""type"":""warning"",""title"":""Hydratation insuffisante"",""message"":""Ton taux d'hydratation est de 40.0%, en dessous du seuil idéal. Une bonne hydratation accélère l'élimination des graisses et améliore l'énergie.""},{""icon"":""🧬"",""type"":""warning"",""title"":""Âge métabolique à améliorer"",""message"":""Ton âge métabolique est de 73 ans pour 58 ans réels. Le programme vise à rapprocher ces deux valeurs.""},{""icon"":""🏁"",""type"":""goal"",""title"":""Objectif atteint à 71%"",""message"":""Il reste 2.9 kg pour atteindre 74.4 kg. Tu as déjà parcouru 71% du chemin.""}]",2026-04-22T08:35:39.621807+00:00,2026-07-21T08:35:39.621807+00:00,6e552738-3fe5-4cdb-a4c8-15c5d7dca036
b0064317-2043-40db-8ab5-c1f767068c68,f8f18ed9-9d69-4ad7-b5fd-6a1eeb896c62,580090f1-69a7-47f2-9821-2b2b44b874f3,Mélanie,Virginie,DAUTEL,female,2026-04-22T09:02:03.285Z,2,2026-03-02,2026-03-26,weight-loss,Programme Booster 1,2026-04-22T09:00:00+00:00,"[{""bmr"":0,""date"":""2026-03-02"",""weight"":108,""bodyFat"":48.8,""boneMass"":2.8,""hydration"":37.2,""muscleMass"":52.5,""visceralFat"":13.5,""metabolicAge"":58},{""bmr"":0,""date"":""2026-03-26"",""weight"":107.3,""bodyFat"":49,""boneMass"":2.7,""hydration"":36.1,""muscleMass"":50.7,""visceralFat"":13.5,""metabolicAge"":58}]","[{""ref"":""4466"",""name"":""Formula 1"",""reason"":""Shake repas complet — apport protéiné ciblé 129-193g/jour. Remplace un repas pour un contrôle calorique efficace.""},{""ref"":""488K"",""name"":""Créatine+"",""reason"":""Tonus musculaire et énergie cellulaire — recommandé pour toutes les femmes actives""},{""ref"":""0020"",""name"":""Xtra-Cal"",""reason"":""Calcium + vitamine D — renforcement osseux (masse osseuse : 2.7 kg)""},{""ref"":""0006"",""name"":""Aloe Vera Concentré"",""reason"":""Hydratation à 36% (objectif ≥ 50%). Boire 3.5L d'eau/jour + aloe vera.""},{""ref"":""236K"",""name"":""Phyto Complete"",""reason"":""Graisse viscérale à 13.5/30 (seuil sain < 9). Extraits de plantes pour réduire la graisse interne.""},{""ref"":""0267"",""name"":""Beta Heart"",""reason"":""Masse grasse à 49.0% (cible < 30%). Bêta-glucanes pour cholestérol et graisse.""}]","[{""icon"":""🎯"",""type"":""goal"",""title"":""Progression globale"",""message"":""2 bilans réalisés sur 24 jours de suivi. Chaque bilan est une étape de plus vers ton objectif.""},{""icon"":""⚠️"",""type"":""warning"",""title"":""Masse grasse à surveiller"",""message"":""Ta masse grasse est encore au-dessus des valeurs idéales (49.0%). Le programme nutritionnel et les compléments vont accélérer la normalisation.""},{""icon"":""💪"",""type"":""warning"",""title"":""Masse musculaire à renforcer"",""message"":""La masse musculaire a légèrement diminué. Assurer un apport protéiné suffisant et maintenir l'activité physique est essentiel.""},{""icon"":""💧"",""type"":""warning"",""title"":""Hydratation insuffisante"",""message"":""Ton taux d'hydratation est de 36.1%, en dessous du seuil idéal. Une bonne hydratation accélère l'élimination des graisses et améliore l'énergie.""},{""icon"":""🫀"",""type"":""warning"",""title"":""Graisse viscérale élevée"",""message"":""Ton score de graisse viscérale est de 13.5 — au-dessus du seuil recommandé. Le Phyto Complete et une alimentation ciblée aident à la réduire.""},{""icon"":""🧬"",""type"":""warning"",""title"":""Âge métabolique à améliorer"",""message"":""Ton âge métabolique est de 58 ans pour 43 ans réels. Le programme vise à rapprocher ces deux valeurs.""},{""icon"":""🏁"",""type"":""goal"",""title"":""Objectif atteint à 4%"",""message"":""Il reste 19.3 kg pour atteindre 88 kg. Tu as déjà parcouru 4% du chemin.""}]",2026-04-22T09:02:02.803628+00:00,2026-07-21T09:02:02.803628+00:00,6e552738-3fe5-4cdb-a4c8-15c5d7dca036
3eb7056f-4a44-4756-a243-7513922dc42f,dcb2d857-a558-4d0c-9352-dc6dfe76b8c2,5470b12d-5a47-4bcc-bf59-c2c78591e50b,Mélanie,Christel,BRICO,female,2026-04-22T17:43:30.376Z,18,2025-02-03,2026-01-29,weight-loss,Premium,,"[{""bmr"":0,""date"":""2025-02-03"",""weight"":87.1,""bodyFat"":47.2,""boneMass"":2.3,""hydration"":37.5,""muscleMass"":43.7,""visceralFat"":14,""metabolicAge"":69},{""bmr"":0,""date"":""2025-02-19"",""weight"":85.1,""bodyFat"":47.5,""boneMass"":2.3,""hydration"":37.5,""muscleMass"":42.4,""visceralFat"":13.5,""metabolicAge"":69},{""bmr"":0,""date"":""2025-03-03"",""weight"":83.7,""bodyFat"":45,""boneMass"":2.3,""hydration"":38.9,""muscleMass"":43.7,""visceralFat"":13,""metabolicAge"":69},{""bmr"":0,""date"":""2025-03-17"",""weight"":81.8,""bodyFat"":44.7,""boneMass"":2.3,""hydration"":39.1,""muscleMass"":42.9,""visceralFat"":12.5,""metabolicAge"":69},{""bmr"":0,""date"":""2025-03-28"",""weight"":80.5,""bodyFat"":41.1,""boneMass"":2.4,""hydration"":41.5,""muscleMass"":45,""visceralFat"":11.5,""metabolicAge"":69},{""bmr"":0,""date"":""2025-04-11"",""weight"":78.9,""bodyFat"":43.1,""boneMass"":2.3,""hydration"":40.1,""muscleMass"":42.6,""visceralFat"":11.5,""metabolicAge"":69},{""bmr"":0,""date"":""2025-04-29"",""weight"":77.9,""bodyFat"":43.1,""boneMass"":2.3,""hydration"":40.1,""muscleMass"":42.1,""visceralFat"":11.5,""metabolicAge"":68},{""bmr"":0,""date"":""2025-05-13"",""weight"":77.2,""bodyFat"":41.9,""boneMass"":2.3,""hydration"":40.8,""muscleMass"":42.5,""visceralFat"":11,""metabolicAge"":68},{""bmr"":0,""date"":""2025-05-26"",""weight"":75.7,""bodyFat"":42,""boneMass"":2.2,""hydration"":40.5,""muscleMass"":41.5,""visceralFat"":11,""metabolicAge"":68},{""bmr"":0,""date"":""2025-06-17"",""weight"":74.6,""bodyFat"":40.1,""boneMass"":2.3,""hydration"":41.9,""muscleMass"":42.4,""visceralFat"":10.5,""metabolicAge"":66},{""bmr"":0,""date"":""2025-07-08"",""weight"":72.7,""bodyFat"":41.7,""boneMass"":2.2,""hydration"":40.7,""muscleMass"":40.2,""visceralFat"":10.5,""metabolicAge"":67},{""bmr"":0,""date"":""2025-07-29"",""weight"":72.8,""bodyFat"":40.1,""boneMass"":2.2,""hydration"":41.9,""muscleMass"":41.4,""visceralFat"":10,""metabolicAge"":66},{""bmr"":0,""date"":""2025-08-14"",""weight"":72.7,""bodyFat"":39.7,""boneMass"":2.2,""hydration"":42.1,""muscleMass"":41.6,""visceralFat"":10,""metabolicAge"":65},{""bmr"":0,""date"":""2025-09-16"",""weight"":72.3,""bodyFat"":39.8,""boneMass"":2.2,""hydration"":42,""muscleMass"":41.3,""visceralFat"":10,""metabolicAge"":65},{""bmr"":0,""date"":""2025-09-30"",""weight"":72.6,""bodyFat"":39.8,""boneMass"":2.2,""hydration"":42,""muscleMass"":41.4,""visceralFat"":10,""metabolicAge"":65},{""bmr"":0,""date"":""2025-11-12"",""weight"":71.8,""bodyFat"":39,""boneMass"":2.2,""hydration"":42.6,""muscleMass"":41.6,""visceralFat"":10,""metabolicAge"":62},{""bmr"":0,""date"":""2026-01-13"",""weight"":75,""bodyFat"":40.9,""boneMass"":2.3,""hydration"":41.5,""muscleMass"":42.1,""visceralFat"":10.5,""metabolicAge"":68},{""bmr"":0,""date"":""2026-01-29"",""weight"":74.6,""bodyFat"":41.6,""boneMass"":2.2,""hydration"":40.9,""muscleMass"":41.4,""visceralFat"":10.5,""metabolicAge"":70}]","[{""ref"":""4466"",""name"":""Formula 1"",""reason"":""Shake repas complet — apport protéiné ciblé 90-134g/jour. Remplace un repas pour un contrôle calorique efficace.""},{""ref"":""488K"",""name"":""Créatine+"",""reason"":""Tonus musculaire et énergie cellulaire — recommandé pour toutes les femmes actives""},{""ref"":""0020"",""name"":""Xtra-Cal"",""reason"":""Calcium + vitamine D — renforcement osseux (masse osseuse : 2.2 kg)""},{""ref"":""0006"",""name"":""Aloe Vera Concentré"",""reason"":""Hydratation à 41% (objectif ≥ 50%). Boire 2.5L d'eau/jour + aloe vera.""},{""ref"":""236K"",""name"":""Phyto Complete"",""reason"":""Graisse viscérale à 10.5/30 (seuil sain < 9). Extraits de plantes pour réduire la graisse interne.""},{""ref"":""0267"",""name"":""Beta Heart"",""reason"":""Masse grasse à 41.6% (cible < 30%). Bêta-glucanes pour cholestérol et graisse.""}]","[{""icon"":""🎯"",""type"":""goal"",""title"":""Progression globale"",""message"":""18 bilans réalisés sur 360 jours de suivi. Chaque bilan est une étape de plus vers ton objectif.""},{""icon"":""⚖️"",""type"":""positive"",""title"":""Perte de poids significative"",""message"":""Tu as perdu 12.5 kg depuis le début — c'est un résultat concret et motivant. Continue sur cette lancée !""},{""icon"":""🔥"",""type"":""positive"",""title"":""Excellente réduction de masse grasse"",""message"":""Ta masse grasse a diminué de 5.6 points — c'est exactement ce qu'on cherche. Ton corps se recompose positivement.""},{""icon"":""💪"",""type"":""warning"",""title"":""Masse musculaire à renforcer"",""message"":""La masse musculaire a légèrement diminué. Assurer un apport protéiné suffisant et maintenir l'activité physique est essentiel.""},{""icon"":""💧"",""type"":""warning"",""title"":""Hydratation insuffisante"",""message"":""Ton taux d'hydratation est de 40.9%, en dessous du seuil idéal. Une bonne hydratation accélère l'élimination des graisses et améliore l'énergie.""},{""icon"":""🫀"",""type"":""positive"",""title"":""Graisse viscérale en baisse"",""message"":""La graisse viscérale a diminué de 3.5 points — excellent pour ta santé cardiovasculaire et métabolique.""},{""icon"":""🧬"",""type"":""warning"",""title"":""Âge métabolique à améliorer"",""message"":""Ton âge métabolique est de 70 ans pour 55 ans réels. Le programme vise à rapprocher ces deux valeurs.""}]",2026-04-22T17:43:30.356839+00:00,2026-07-21T17:43:30.356839+00:00,6e552738-3fe5-4cdb-a4c8-15c5d7dca036
092ce4e2-5f51-47da-b23e-074b08f8fbe2,627f4a11-6b93-40a9-99fa-4aa28351a6fb,1d38c103-0c32-465b-a23d-003e4ade8aea,Mélanie,Julie,Furnon,female,2026-04-22T19:13:58.553Z,3,2026-01-27,2026-02-26,weight-loss,,2026-05-01T08:00:00+00:00,"[{""bmr"":0,""date"":""2026-01-27"",""weight"":71.8,""bodyFat"":36.5,""boneMass"":2.3,""hydration"":44.7,""muscleMass"":43.3,""visceralFat"":6,""metabolicAge"":6},{""bmr"":0,""date"":""2026-02-10"",""weight"":69.8,""bodyFat"":35,""boneMass"":2.3,""hydration"":45.6,""muscleMass"":61.6,""visceralFat"":5.5,""metabolicAge"":48},{""bmr"":0,""date"":""2026-02-26"",""weight"":67.9,""bodyFat"":35.5,""boneMass"":2.2,""hydration"":45.1,""muscleMass"":61.12,""visceralFat"":5.5,""metabolicAge"":48}]","[{""ref"":""4466"",""name"":""Formula 1"",""reason"":""Shake repas complet — apport protéiné ciblé 81-122g/jour. Remplace un repas pour un contrôle calorique efficace.""},{""ref"":""488K"",""name"":""Créatine+"",""reason"":""Tonus musculaire et énergie cellulaire — recommandé pour toutes les femmes actives""},{""ref"":""0020"",""name"":""Xtra-Cal"",""reason"":""Calcium + vitamine D — renforcement osseux (masse osseuse : 2.2 kg)""},{""ref"":""0006"",""name"":""Aloe Vera Concentré"",""reason"":""Hydratation à 45% (objectif ≥ 50%). Boire 2.2L d'eau/jour + aloe vera.""},{""ref"":""0267"",""name"":""Beta Heart"",""reason"":""Masse grasse à 35.5% (cible < 30%). Bêta-glucanes pour cholestérol et graisse.""},{""ref"":""178K"",""name"":""Thé Concentré"",""reason"":""Booster thermogénique — complément à la perte de poids. Boire 2.2L d'eau/jour minimum.""}]","[{""icon"":""🎯"",""type"":""goal"",""title"":""Progression globale"",""message"":""3 bilans réalisés sur 30 jours de suivi. Chaque bilan est une étape de plus vers ton objectif.""},{""icon"":""⚖️"",""type"":""positive"",""title"":""Poids en baisse"",""message"":""3.9 kg de perdu depuis le premier bilan. Le chemin est tracé, garde le cap.""},{""icon"":""⚠️"",""type"":""warning"",""title"":""Masse grasse à surveiller"",""message"":""Ta masse grasse est encore au-dessus des valeurs idéales (35.5%). Le programme nutritionnel et les compléments vont accélérer la normalisation.""},{""icon"":""💪"",""type"":""positive"",""title"":""Masse musculaire en hausse"",""message"":""+17.8 kg de masse musculaire — ton corps se renforce. C'est un excellent signe de recomposition corporelle.""},{""icon"":""🏁"",""type"":""goal"",""title"":""Objectif atteint à 36%"",""message"":""Il reste 6.9 kg pour atteindre 61 kg. Tu as déjà parcouru 36% du chemin.""},{""icon"":""🥤"",""type"":""neutral"",""title"":""Tes repères du jour"",""message"":""Objectif hydratation : 2.2L d'eau par jour. Protéines : 81-122g/jour pour maintenir ta masse musculaire (61.1 kg).""}]",2026-04-22T19:13:57.778293+00:00,2026-07-21T19:13:57.778293+00:00,6e552738-3fe5-4cdb-a4c8-15c5d7dca036
2dcabdd1-fb65-4c2c-9556-e40a4d71ebd7,bec12859-5949-4360-ae30-60a92fe1fb4a,b8ee0393-99f6-435f-b47c-5edd24d5b942,Thomas,test,thomas,male,2026-04-22T20:03:24.046Z,1,2026-04-22,2026-04-22,sport,Programme a confirmer,2026-05-06T08:00:00+00:00,"[{""bmr"":0,""date"":""2026-04-22"",""weight"":90,""bodyFat"":30,""boneMass"":3,""hydration"":45,""muscleMass"":40,""visceralFat"":12,""metabolicAge"":43}]","[{""ref"":""4466"",""name"":""Formula 1"",""reason"":""Shake repas complet — apport protéiné ciblé 108-162g/jour. Remplace un repas pour un contrôle calorique efficace.""},{""ref"":""488K"",""name"":""Créatine+"",""reason"":""Objectif masse musculaire (40.0 kg actuel) — maintien et renforcement""},{""ref"":""0006"",""name"":""Aloe Vera Concentré"",""reason"":""Hydratation à 45% (objectif ≥ 50%). Boire 3.0L d'eau/jour + aloe vera.""},{""ref"":""236K"",""name"":""Phyto Complete"",""reason"":""Graisse viscérale à 12/30 (seuil sain < 9). Extraits de plantes pour réduire la graisse interne.""},{""ref"":""0267"",""name"":""Beta Heart"",""reason"":""Masse grasse à 30.0% (cible < 22%). Bêta-glucanes pour cholestérol et graisse.""},{""ref"":""0020"",""name"":""Xtra-Cal"",""reason"":""Masse osseuse faible (3.3% du poids, objectif ≥ 4%). Calcium et vitamine D.""}]","[{""icon"":""🎯"",""type"":""goal"",""title"":""Progression globale"",""message"":""1 bilan réalisé sur 0 jours de suivi. Chaque bilan est une étape de plus vers ton objectif.""},{""icon"":""⚠️"",""type"":""warning"",""title"":""Masse grasse à surveiller"",""message"":""Ta masse grasse est encore au-dessus des valeurs idéales (30.0%). Le programme nutritionnel et les compléments vont accélérer la normalisation.""},{""icon"":""🥤"",""type"":""neutral"",""title"":""Tes repères du jour"",""message"":""Objectif hydratation : 3.0L d'eau par jour. Protéines : 108-162g/jour pour maintenir ta masse musculaire (40.0 kg).""}]",2026-04-22T20:03:24.785982+00:00,2026-07-21T20:03:24.785982+00:00,656dcf35-4859-4a70-9d20-990104813423